NYC,Cleanliness,Landscape,Structural
NYC,0.093520094781,0.0333565674131,0.0615685495348
